ID,OrderID,Client,Sum,Currency,Date,Category,ServiceType
1,10293.0,Client_17,992575,RUR,2026-04-22,КЗ,2.0
2,10296.0,Client_141,365546,RUR,2025-10-22,ДЗ,4.0
3,10243.0,Client_139,655622,USD,2026-11-25,КЗ,7.0
4,10125.0,Client_75,952346,RUR,2026-07-14,КЗ,7.0
5,10243.0,Client_77,19775,USD,2025-06-11,КЗ,7.0
6,10209.0,Client_41,74097,RUR,2025-03-17,КЗ,7.0
7,,Client_45,148187,RUR,2026-03-29,КЗ,
8,10098.0,Client_93,967661,USD,2025-12-20,КЗ,6.0
9,10049.0,Client_131,950195,RUR,,КЗ,3.0
10,10050.0,Client_58,486899,RUR,2026-08-25,ДЗ,1.0
11,0.0,Client_32,519449,RUR,2025-11-03,ДЗ,
12,10221.0,Client_52,755778,USD,2026-10-17,КЗ,1.0
13,10182.0,Client_36,141005,USD,2026-03-11,ДЗ,6.0
14,10217.0,Client_61,270140,RUR,,ДЗ,2.0
15,10211.0,Client_127,426288,RUR,2026-12-08,КЗ,5.0
16,10240.0,Client_7,311977,USD,2025-09-14,ДЗ,1.0
17,10028.0,Client_93,775823,RUR,2026-04-13,КЗ,6.0
18,10051.0,Client_142,566188,RUR,2025-11-06,КЗ,1.0
19,10032.0,Client_147,96144,USD,2025-07-23,КЗ,2.0
20,10207.0,Client_95,267591,RUR,2026-01-29,КЗ,6.0
21,10174.0,Client_120,714523,RUR,2026-05-10,КЗ,4.0
22,,Client_142,489166,RUR,2025-04-20,ДЗ,
23,10056.0,Client_34,658103,USD,2025-08-31,КЗ,3.0
24,10128.0,Client_23,303029,USD,2026-01-26,ДЗ,3.0
25,10099.0,Client_17,805213,USD,2026-08-09,КЗ,3.0
26,10098.0,Client_80,967630,RUR,2026-01-03,КЗ,6.0
27,10275.0,Client_102,366108,USD,2026-08-12,КЗ,1.0
28,10230.0,Client_123,933496,USD,2025-10-30,ДЗ,3.0
29,10072.0,Client_135,833831,RUR,2026-12-18,КЗ,7.0
30,0.0,Client_106,17173,USD,2025-10-30,КЗ,
31,10217.0,Client_105,888836,RUR,2025-01-23,КЗ,2.0
32,10094.0,Client_148,555070,RUR,2026-11-06,КЗ,2.0
33,,Client_19,753258,RUR,2026-02-10,ДЗ,
34,10143.0,Client_33,752354,RUR,2025-10-09,КЗ,3.0
35,10237.0,Client_82,910834,RUR,2025-01-09,ДЗ,6.0
36,10128.0,Client_19,407605,RUR,2026-08-03,КЗ,3.0
37,10039.0,Client_116,115459,RUR,2026-12-04,ДЗ,7.0
38,,Client_120,925531,RUR,2025-02-20,ДЗ,
39,10227.0,Client_133,965934,RUR,2026-09-13,КЗ,3.0
40,10282.0,Client_89,66807,RUR,2026-05-24,КЗ,1.0
41,,Client_33,251451,RUR,2025-10-21,ДЗ,
42,10051.0,Client_142,470770,RUR,2025-08-24,КЗ,1.0
43,0.0,Client_47,238611,RUR,2026-09-14,КЗ,
44,10026.0,Client_34,235818,RUR,2025-12-27,КЗ,2.0
45,10277.0,Client_111,589816,USD,2025-08-13,ДЗ,5.0
46,10008.0,Client_129,50701,RUR,2026-10-14,КЗ,2.0
47,10048.0,Client_15,995069,RUR,2025-07-14,КЗ,7.0
48,10122.0,Client_32,395855,RUR,2026-09-28,КЗ,7.0
49,10086.0,Client_133,495579,USD,2025-09-14,ДЗ,7.0
50,10209.0,Client_40,635875,RUR,2026-11-26,КЗ,7.0
51,10249.0,Client_78,678129,USD,2026-11-07,ДЗ,2.0
52,10247.0,Client_43,464284,RUR,2026-11-29,КЗ,4.0
53,10110.0,Client_42,413960,USD,2025-05-21,ДЗ,2.0
54,10206.0,Client_83,412061,RUR,2026-10-06,КЗ,7.0
55,10031.0,Client_58,252024,USD,2025-04-10,КЗ,4.0
56,10085.0,Client_89,783541,RUR,2026-10-05,ДЗ,2.0
57,,Client_133,814760,RUR,2026-10-24,ДЗ,
58,10195.0,Client_73,523494,RUR,2025-02-10,ДЗ,2.0
59,0.0,Client_21,249530,RUR,2025-11-13,КЗ,
60,10002.0,Client_65,427837,RUR,2026-03-28,КЗ,1.0
61,10200.0,Client_51,122888,USD,2025-02-04,КЗ,3.0
62,10136.0,Client_142,621627,USD,2026-08-17,КЗ,2.0
63,10233.0,Client_71,551316,RUR,2026-01-09,ДЗ,2.0
64,10147.0,Client_33,280566,RUR,2025-05-15,КЗ,5.0
65,10217.0,Client_78,451030,RUR,2025-04-03,КЗ,2.0
66,10285.0,Client_137,350140,RUR,2025-10-30,КЗ,1.0
67,,Client_24,62392,RUR,2025-12-01,КЗ,
68,10250.0,Client_129,553443,RUR,2026-03-02,КЗ,3.0
69,,Client_44,305135,RUR,2025-06-29,КЗ,
70,10080.0,Client_149,606300,RUR,2025-07-25,КЗ,2.0
71,10098.0,Client_40,662048,RUR,2025-05-16,ДЗ,6.0
72,10152.0,Client_44,352780,RUR,2026-07-07,КЗ,4.0
73,0.0,Client_87,268548,RUR,2026-01-10,КЗ,
74,10112.0,Client_145,531733,RUR,2026-06-28,КЗ,4.0
75,10030.0,Client_11,160472,USD,2026-05-29,КЗ,5.0
76,10297.0,Client_8,941863,RUR,2025-10-07,ДЗ,2.0
77,10278.0,Client_21,91106,RUR,2025-06-18,ДЗ,2.0
78,,Client_12,932956,RUR,2025-09-21,ДЗ,
79,10032.0,Client_148,129450,RUR,2026-05-09,ДЗ,2.0
80,,Client_68,688825,USD,2025-10-30,ДЗ,
81,10161.0,Client_54,805978,RUR,2025-12-13,ДЗ,7.0
82,10030.0,Client_147,788868,RUR,2025-04-28,КЗ,5.0
83,10026.0,Client_107,848564,RUR,2026-04-25,ДЗ,2.0
84,,Client_8,206587,USD,2025-03-19,ДЗ,
85,10300.0,Client_128,97952,USD,,КЗ,6.0
86,10245.0,Client_140,492192,RUR,2025-05-25,ДЗ,2.0
87,10258.0,Client_75,138693,RUR,,КЗ,6.0
88,10272.0,Client_78,727167,RUR,2025-08-20,КЗ,2.0
89,10081.0,Client_124,678941,USD,2026-11-24,ДЗ,7.0
90,10030.0,Client_63,280718,RUR,2026-11-22,КЗ,5.0
91,,Client_104,177932,USD,2026-02-11,ДЗ,
92,10261.0,Client_77,842250,RUR,,ДЗ,6.0
93,10042.0,Client_117,306873,RUR,2026-07-25,КЗ,6.0
94,10096.0,Client_19,45332,RUR,2026-01-10,КЗ,3.0
95,10036.0,Client_16,348788,RUR,2025-04-03,ДЗ,7.0
96,10035.0,Client_41,460485,RUR,2026-02-09,КЗ,3.0
97,10121.0,Client_113,783401,RUR,2025-01-15,КЗ,7.0
98,10207.0,Client_107,312913,RUR,2025-09-28,ДЗ,6.0
99,0.0,Client_124,209193,RUR,2026-07-04,ДЗ,
100,,Client_119,331428,RUR,2025-05-07,КЗ,
101,0.0,Client_53,703405,RUR,2026-04-11,ДЗ,
102,10062.0,Client_88,13240,USD,2026-01-13,ДЗ,4.0
103,10292.0,Client_37,388712,USD,2026-11-20,ДЗ,5.0
104,10127.0,Client_81,607845,USD,2026-11-20,ДЗ,7.0
105,10297.0,Client_82,538745,USD,2025-09-26,ДЗ,2.0
106,10021.0,Client_89,523475,RUR,2026-08-22,ДЗ,2.0
107,10042.0,Client_103,111772,RUR,2026-01-26,ДЗ,6.0
108,10215.0,Client_34,330917,RUR,2026-10-16,КЗ,3.0
109,10299.0,Client_95,646061,RUR,2026-01-16,ДЗ,2.0
110,,Client_132,590021,RUR,2025-04-21,КЗ,
111,10290.0,Client_144,732403,USD,2026-11-23,КЗ,3.0
112,10268.0,Client_28,620499,RUR,2025-08-28,КЗ,5.0
113,10162.0,Client_82,864790,RUR,,ДЗ,1.0
114,10134.0,Client_62,406240,RUR,2026-04-28,ДЗ,6.0
115,10105.0,Client_120,69386,RUR,2025-01-26,КЗ,6.0
116,10161.0,Client_32,93369,RUR,2026-09-27,ДЗ,7.0
117,10123.0,Client_69,258735,RUR,2026-07-29,КЗ,1.0
118,10136.0,Client_116,74171,USD,2025-12-02,ДЗ,2.0
119,10203.0,Client_64,450642,RUR,2026-09-17,ДЗ,2.0
120,10068.0,Client_37,221195,RUR,2025-08-15,КЗ,3.0
121,10154.0,Client_25,513417,USD,2026-10-26,КЗ,4.0
122,10235.0,Client_13,30751,USD,2025-03-06,КЗ,1.0
123,10162.0,Client_75,70302,USD,2026-10-13,ДЗ,1.0
124,,Client_99,48877,USD,2026-04-21,КЗ,
125,10038.0,Client_108,148166,RUR,,ДЗ,1.0
126,10005.0,Client_64,853795,RUR,2026-12-19,ДЗ,3.0
127,10235.0,Client_41,190806,RUR,2025-11-06,ДЗ,1.0
128,10289.0,Client_84,624546,RUR,2026-10-27,КЗ,7.0
129,0.0,Client_148,797332,RUR,2026-02-23,КЗ,
130,10052.0,Client_81,824355,RUR,2025-04-30,КЗ,4.0
131,10038.0,Client_49,764035,RUR,2025-05-24,ДЗ,1.0
132,10276.0,Client_41,326122,RUR,2025-02-16,ДЗ,5.0
133,,Client_128,280952,RUR,2025-02-08,КЗ,
134,10110.0,Client_132,668279,RUR,2025-11-08,ДЗ,2.0
135,10260.0,Client_120,730365,RUR,2026-05-20,ДЗ,2.0
136,10136.0,Client_128,588258,RUR,2025-04-29,КЗ,2.0
137,10068.0,Client_79,533671,USD,2025-04-10,КЗ,3.0
138,10179.0,Client_128,686033,RUR,2025-08-29,КЗ,5.0
139,10036.0,Client_6,865239,RUR,2026-07-05,ДЗ,7.0
140,10126.0,Client_24,424249,RUR,2025-05-19,ДЗ,1.0
141,10190.0,Client_101,530162,USD,2026-02-02,ДЗ,6.0
142,10146.0,Client_130,203227,RUR,2026-04-10,ДЗ,6.0
143,10081.0,Client_118,142155,RUR,2026-01-15,ДЗ,7.0
144,10225.0,Client_62,620856,RUR,2026-11-18,КЗ,1.0
145,10279.0,Client_56,882866,RUR,2026-12-15,ДЗ,5.0
146,0.0,Client_150,804665,USD,2026-07-08,ДЗ,
147,10155.0,Client_91,932543,RUR,2026-03-06,ДЗ,3.0
148,10271.0,Client_13,525169,RUR,2026-08-25,КЗ,2.0
149,,Client_13,114686,USD,2025-06-08,КЗ,
150,10005.0,Client_73,450016,USD,2026-03-01,КЗ,3.0
151,10284.0,Client_127,289868,RUR,2026-11-02,ДЗ,6.0
152,10154.0,Client_121,531211,USD,2025-04-12,КЗ,4.0
153,,Client_74,542877,RUR,2026-05-17,КЗ,
154,10054.0,Client_138,171133,RUR,2026-09-23,КЗ,3.0
155,10069.0,Client_3,512980,RUR,2026-02-22,ДЗ,7.0
156,10136.0,Client_28,291362,RUR,2025-10-14,КЗ,2.0
157,10060.0,Client_111,100517,RUR,2025-02-03,ДЗ,1.0
158,10055.0,Client_35,81916,USD,2026-12-08,ДЗ,7.0
159,10284.0,Client_68,677723,USD,2026-01-15,КЗ,6.0
160,10080.0,Client_94,275809,RUR,2025-08-11,ДЗ,2.0
161,10140.0,Client_104,675814,USD,2026-03-31,КЗ,6.0
162,10145.0,Client_94,174123,RUR,2026-04-01,ДЗ,2.0
163,10108.0,Client_12,877711,RUR,,КЗ,6.0
164,10176.0,Client_103,548036,RUR,2025-08-30,КЗ,4.0
165,,Client_14,444045,RUR,2026-01-07,КЗ,
166,10105.0,Client_146,42071,USD,,ДЗ,6.0
167,10136.0,Client_144,18758,USD,2025-04-12,КЗ,2.0
168,10259.0,Client_50,21353,RUR,2026-12-04,ДЗ,6.0
169,0.0,Client_93,457482,RUR,2026-01-12,КЗ,
170,10251.0,Client_142,179735,RUR,2026-07-12,ДЗ,5.0
171,10129.0,Client_74,157562,RUR,2026-10-23,ДЗ,4.0
172,0.0,Client_19,350908,USD,2026-01-03,КЗ,
173,10027.0,Client_99,707038,RUR,,КЗ,6.0
174,10048.0,Client_130,210197,RUR,2025-03-04,КЗ,7.0
175,10217.0,Client_116,628238,RUR,2026-02-12,КЗ,2.0
176,10142.0,Client_141,950262,RUR,2025-10-10,КЗ,2.0
177,10023.0,Client_72,662312,RUR,2025-07-14,ДЗ,5.0
178,10002.0,Client_31,520598,RUR,2025-05-06,КЗ,1.0
179,10171.0,Client_33,226158,RUR,2026-04-11,КЗ,5.0
180,,Client_25,658011,RUR,2025-04-04,ДЗ,
181,10067.0,Client_101,858479,USD,2026-11-10,КЗ,5.0
182,,Client_96,585389,RUR,2025-08-06,КЗ,
183,10135.0,Client_87,180331,RUR,2026-10-20,ДЗ,3.0
184,10083.0,Client_143,122875,USD,,КЗ,1.0
185,10227.0,Client_94,969311,RUR,2026-10-17,КЗ,3.0
186,10283.0,Client_37,557631,USD,2026-09-04,КЗ,6.0
187,10219.0,Client_51,677260,RUR,2025-01-22,ДЗ,7.0
188,10288.0,Client_131,862471,RUR,2025-02-21,КЗ,1.0
189,10005.0,Client_103,320072,RUR,,ДЗ,3.0
190,10058.0,Client_129,261816,RUR,2025-12-08,КЗ,3.0
191,,Client_11,400555,RUR,2025-09-07,ДЗ,
192,10039.0,Client_12,268954,RUR,2025-05-09,КЗ,7.0
193,10077.0,Client_10,414700,RUR,2026-08-02,ДЗ,1.0
194,10280.0,Client_36,938642,RUR,2025-07-30,ДЗ,2.0
195,10019.0,Client_86,172018,RUR,,ДЗ,1.0
196,10190.0,Client_122,219155,USD,2025-03-12,ДЗ,6.0
197,10299.0,Client_133,985425,USD,2026-07-22,ДЗ,2.0
198,10283.0,Client_117,300235,USD,2025-08-01,ДЗ,6.0
199,10076.0,Client_39,734517,RUR,2026-08-24,КЗ,6.0
200,10221.0,Client_132,400287,RUR,,КЗ,1.0
201,10066.0,Client_36,422455,RUR,2025-08-10,ДЗ,1.0
202,,Client_84,871977,RUR,2025-08-27,ДЗ,
203,10022.0,Client_82,208239,RUR,2025-12-03,ДЗ,5.0
204,10158.0,Client_42,80357,RUR,2025-06-01,ДЗ,5.0
205,10187.0,Client_101,478058,RUR,2026-09-03,КЗ,7.0
206,0.0,Client_77,824243,RUR,2025-01-03,ДЗ,
207,,Client_87,6630,RUR,2025-10-11,КЗ,
208,10021.0,Client_130,273360,RUR,2025-05-29,КЗ,2.0
209,0.0,Client_131,590182,RUR,2025-05-14,ДЗ,
210,10184.0,Client_137,917886,USD,2026-07-08,ДЗ,1.0
211,10108.0,Client_126,210645,RUR,2025-09-14,КЗ,6.0
212,10128.0,Client_145,657358,RUR,2025-06-28,КЗ,3.0
213,10053.0,Client_77,528523,RUR,2025-04-23,ДЗ,1.0
214,10182.0,Client_122,924233,RUR,2026-11-08,ДЗ,6.0
215,10287.0,Client_5,371716,RUR,2025-01-27,ДЗ,1.0
216,10209.0,Client_95,911679,RUR,2025-05-15,КЗ,7.0
217,10080.0,Client_85,478436,RUR,2025-01-16,КЗ,2.0
218,10122.0,Client_29,775258,RUR,2026-01-02,ДЗ,7.0
219,10084.0,Client_107,613475,RUR,2025-09-01,КЗ,7.0
220,10091.0,Client_150,720491,RUR,2026-08-26,КЗ,6.0
221,10212.0,Client_79,819912,USD,2025-11-28,ДЗ,5.0
222,10013.0,Client_7,916483,RUR,2025-01-17,ДЗ,5.0
223,,Client_122,279315,RUR,2025-06-28,КЗ,
224,10092.0,Client_68,20174,USD,2025-09-29,КЗ,7.0
225,10171.0,Client_149,746184,RUR,2025-02-23,ДЗ,5.0
226,10211.0,Client_148,592231,RUR,2025-05-10,ДЗ,5.0
227,10128.0,Client_59,40001,RUR,2026-03-08,ДЗ,3.0
228,10137.0,Client_14,273449,RUR,2026-06-23,ДЗ,6.0
229,10082.0,Client_150,973265,USD,2025-04-27,ДЗ,3.0
230,10056.0,Client_123,911193,RUR,2025-03-07,КЗ,3.0
231,10196.0,Client_44,792438,USD,2026-05-03,КЗ,4.0
232,10020.0,Client_135,395907,RUR,2026-04-05,КЗ,2.0
233,10241.0,Client_98,912108,RUR,2026-01-06,КЗ,7.0
234,10114.0,Client_38,587375,RUR,2026-06-10,ДЗ,6.0
235,10103.0,Client_63,980974,RUR,2026-08-31,ДЗ,1.0
236,10236.0,Client_9,342929,RUR,2025-04-22,ДЗ,1.0
237,10180.0,Client_147,372698,USD,2026-04-08,КЗ,7.0
238,0.0,Client_29,367731,RUR,2026-05-31,КЗ,
239,10157.0,Client_49,578788,USD,2025-08-15,КЗ,2.0
240,10117.0,Client_5,156322,RUR,2026-09-22,ДЗ,2.0
241,10115.0,Client_113,31952,USD,2025-02-14,КЗ,6.0
242,10013.0,Client_81,960474,RUR,,ДЗ,5.0
243,10099.0,Client_108,513112,RUR,2026-11-06,ДЗ,3.0
244,10205.0,Client_39,839288,USD,2026-06-18,ДЗ,1.0
245,0.0,Client_106,377601,RUR,2025-11-05,ДЗ,
246,10169.0,Client_53,643440,RUR,2026-04-15,ДЗ,6.0
247,10143.0,Client_106,56581,RUR,2026-10-21,ДЗ,3.0
248,10036.0,Client_129,787815,RUR,2025-02-01,КЗ,7.0
249,10143.0,Client_121,33791,USD,2025-03-04,ДЗ,3.0
250,10180.0,Client_16,394441,RUR,2026-05-06,ДЗ,7.0
251,10261.0,Client_36,198237,RUR,2026-02-16,КЗ,6.0
252,10205.0,Client_133,550558,RUR,2026-03-13,ДЗ,1.0
253,10275.0,Client_54,532826,RUR,2026-12-04,КЗ,1.0
254,10170.0,Client_144,806627,RUR,2025-04-21,КЗ,4.0
255,10015.0,Client_84,671614,RUR,2026-05-18,КЗ,5.0
256,10060.0,Client_123,401320,RUR,2026-12-31,ДЗ,1.0
257,10134.0,Client_135,796284,RUR,,ДЗ,6.0
258,10092.0,Client_97,55526,RUR,2026-03-31,КЗ,7.0
259,10298.0,Client_81,240068,RUR,2025-03-17,ДЗ,5.0
260,,Client_45,289063,RUR,2025-03-24,ДЗ,
261,10136.0,Client_118,495484,RUR,,КЗ,2.0
262,10020.0,Client_137,878583,RUR,2025-11-26,КЗ,2.0
263,,Client_88,521221,RUR,2026-09-15,ДЗ,
264,10056.0,Client_140,155389,RUR,2025-06-01,КЗ,3.0
265,10223.0,Client_91,261601,RUR,2025-03-09,КЗ,3.0
266,10177.0,Client_68,519265,RUR,2025-05-10,КЗ,5.0
267,10161.0,Client_124,219880,RUR,2025-10-09,ДЗ,7.0
268,10224.0,Client_50,295238,RUR,2026-10-02,ДЗ,4.0
269,10262.0,Client_64,670496,RUR,2026-10-11,ДЗ,3.0
270,10060.0,Client_72,732735,RUR,2026-08-23,КЗ,1.0
271,10198.0,Client_143,97856,RUR,2026-07-16,ДЗ,6.0
272,10296.0,Client_77,442732,USD,2026-12-31,КЗ,4.0
273,10098.0,Client_58,927191,RUR,2025-11-29,ДЗ,6.0
274,10131.0,Client_77,95765,RUR,2026-01-26,ДЗ,1.0
275,10023.0,Client_74,656105,RUR,2026-09-04,КЗ,5.0
276,10224.0,Client_54,162102,RUR,2026-06-28,ДЗ,4.0
277,10001.0,Client_126,261791,RUR,2025-10-29,КЗ,6.0
278,10267.0,Client_82,606223,USD,2026-04-10,ДЗ,4.0
279,10276.0,Client_123,122332,RUR,2026-06-02,ДЗ,5.0
280,10101.0,Client_90,947694,RUR,2026-09-12,КЗ,6.0
281,10187.0,Client_144,742949,RUR,2026-03-17,КЗ,7.0
282,10221.0,Client_71,445458,RUR,2025-04-12,КЗ,1.0
283,10036.0,Client_74,243151,RUR,2026-12-20,ДЗ,7.0
284,,Client_32,157647,RUR,2025-04-28,ДЗ,
285,10170.0,Client_147,412204,RUR,2026-11-02,ДЗ,4.0
286,0.0,Client_140,568120,RUR,2026-10-29,КЗ,
287,10161.0,Client_98,737083,RUR,2026-07-19,КЗ,7.0
288,10064.0,Client_102,308549,RUR,2025-08-09,КЗ,1.0
289,10154.0,Client_89,701497,RUR,2026-03-17,ДЗ,4.0
290,10260.0,Client_38,533734,RUR,2026-04-08,ДЗ,2.0
291,0.0,Client_75,787119,RUR,2025-08-22,КЗ,
292,0.0,Client_11,12863,RUR,2026-02-28,ДЗ,
293,10159.0,Client_74,190337,RUR,2025-12-14,КЗ,4.0
294,10210.0,Client_21,762941,RUR,2026-04-10,ДЗ,6.0
295,,Client_89,856147,USD,2026-02-13,ДЗ,
296,10168.0,Client_114,429432,RUR,2026-03-02,КЗ,7.0
297,10207.0,Client_66,645375,RUR,2025-04-08,ДЗ,6.0
298,10152.0,Client_123,216923,RUR,,ДЗ,4.0
299,10284.0,Client_55,91453,RUR,,КЗ,6.0
300,,Client_52,221473,RUR,2025-11-17,КЗ,
301,,Client_138,357892,RUR,2026-03-14,ДЗ,
302,10066.0,Client_70,549944,USD,2025-11-17,КЗ,1.0
303,10099.0,Client_144,845574,RUR,2026-11-13,ДЗ,3.0
304,10216.0,Client_70,542487,RUR,2025-09-19,КЗ,7.0
305,10195.0,Client_36,371333,RUR,2026-01-19,ДЗ,2.0
306,10090.0,Client_28,176268,USD,2025-06-06,ДЗ,4.0
307,10292.0,Client_62,727446,RUR,2026-12-05,КЗ,5.0
308,10155.0,Client_63,668690,USD,2026-05-01,ДЗ,3.0
309,10208.0,Client_13,422325,RUR,2025-03-10,ДЗ,3.0
310,10281.0,Client_136,202141,USD,,КЗ,1.0
311,10001.0,Client_58,33966,RUR,2025-04-04,КЗ,6.0
312,,Client_60,105500,USD,2025-03-29,ДЗ,
313,0.0,Client_14,870778,RUR,2025-04-06,КЗ,
314,10156.0,Client_26,339219,USD,2026-03-19,КЗ,2.0
315,10147.0,Client_106,435171,RUR,2025-04-09,ДЗ,5.0
316,10108.0,Client_85,343801,RUR,2026-01-17,ДЗ,6.0
317,10221.0,Client_121,137588,RUR,2025-05-14,КЗ,1.0
318,10297.0,Client_26,596904,RUR,,КЗ,2.0
319,10165.0,Client_36,187087,RUR,2026-07-24,КЗ,2.0
320,10239.0,Client_2,411374,RUR,2025-03-03,ДЗ,7.0
321,10227.0,Client_141,994241,RUR,2026-08-24,ДЗ,3.0
322,10227.0,Client_41,434034,RUR,2026-07-30,ДЗ,3.0
323,10110.0,Client_105,294846,USD,2026-07-30,ДЗ,2.0
324,10262.0,Client_122,467974,RUR,2025-12-04,ДЗ,3.0
325,10243.0,Client_123,471428,USD,2026-11-18,ДЗ,7.0
326,10087.0,Client_52,189239,RUR,2025-05-06,ДЗ,1.0
327,10044.0,Client_74,158688,RUR,2026-02-25,КЗ,3.0
328,10146.0,Client_83,653683,RUR,2025-12-29,КЗ,6.0
329,10264.0,Client_74,612357,RUR,2026-11-13,ДЗ,6.0
330,10172.0,Client_16,656549,RUR,2026-03-10,ДЗ,1.0
331,10048.0,Client_23,954950,RUR,2025-02-22,ДЗ,7.0
332,10121.0,Client_147,205835,RUR,2025-10-22,КЗ,7.0
333,0.0,Client_60,665947,RUR,2026-09-07,ДЗ,
334,,Client_137,262399,USD,2025-11-16,КЗ,
335,0.0,Client_10,124050,USD,2025-12-27,КЗ,
336,0.0,Client_45,329738,RUR,2025-04-17,КЗ,
337,10159.0,Client_107,600617,RUR,2026-08-15,КЗ,4.0
338,10116.0,Client_46,104748,RUR,,КЗ,5.0
339,10102.0,Client_10,38647,RUR,,ДЗ,6.0
340,,Client_102,553183,RUR,2026-06-04,ДЗ,
341,10076.0,Client_127,186468,RUR,2025-08-06,КЗ,6.0
342,10013.0,Client_48,545835,RUR,2025-06-08,ДЗ,5.0
343,10024.0,Client_75,692058,USD,2026-11-04,КЗ,1.0
344,10126.0,Client_10,959418,RUR,2026-05-09,КЗ,1.0
345,10244.0,Client_3,746211,RUR,2025-08-18,ДЗ,2.0
346,10038.0,Client_77,256290,RUR,2025-04-21,ДЗ,1.0
347,10234.0,Client_146,206502,RUR,2025-12-25,ДЗ,5.0
348,0.0,Client_28,252519,RUR,2026-07-24,ДЗ,
349,10213.0,Client_86,754205,USD,2026-01-12,ДЗ,2.0
350,10295.0,Client_73,874492,RUR,2025-04-28,КЗ,6.0
351,10100.0,Client_117,849810,USD,2025-10-13,ДЗ,6.0
352,10197.0,Client_140,579465,RUR,2026-08-11,ДЗ,1.0
353,10254.0,Client_135,112882,RUR,2025-08-20,ДЗ,4.0
354,10205.0,Client_127,627320,RUR,2026-03-16,КЗ,1.0
355,,Client_35,989510,RUR,2026-07-29,ДЗ,
356,10125.0,Client_130,927132,USD,2026-09-29,КЗ,7.0
357,0.0,Client_120,443416,USD,2026-09-21,ДЗ,
358,10076.0,Client_70,372113,RUR,2026-11-23,ДЗ,6.0
359,10003.0,Client_50,925783,RUR,2026-10-21,КЗ,1.0
360,10055.0,Client_29,311025,RUR,2026-07-25,ДЗ,7.0
361,10218.0,Client_85,186439,USD,2025-01-27,ДЗ,5.0
362,10113.0,Client_42,475695,RUR,2026-09-16,КЗ,3.0
363,10091.0,Client_118,417268,RUR,2026-11-05,ДЗ,6.0
364,10266.0,Client_66,840330,RUR,2026-12-12,КЗ,3.0
365,10238.0,Client_48,98796,RUR,2025-10-01,КЗ,4.0
366,10026.0,Client_4,503750,RUR,2025-01-30,КЗ,2.0
367,10286.0,Client_87,51039,RUR,2025-07-04,КЗ,2.0
368,10128.0,Client_76,816048,USD,2025-10-07,КЗ,3.0
369,10063.0,Client_146,711986,RUR,2026-12-21,ДЗ,5.0
370,,Client_50,141621,RUR,2025-11-13,ДЗ,
371,,Client_45,574678,USD,2025-12-14,ДЗ,
372,0.0,Client_104,913220,RUR,2025-12-26,КЗ,
373,,Client_110,873193,USD,2025-01-07,КЗ,
374,10234.0,Client_132,335198,RUR,2025-07-05,КЗ,5.0
375,,Client_84,809278,RUR,2025-05-27,КЗ,
376,10069.0,Client_23,592378,USD,2026-08-03,ДЗ,7.0
377,10238.0,Client_103,583198,RUR,2026-11-05,ДЗ,4.0
378,0.0,Client_25,642750,RUR,2026-02-15,КЗ,
379,10272.0,Client_48,476613,RUR,2025-03-13,КЗ,2.0
380,10287.0,Client_36,146395,RUR,,ДЗ,1.0
381,,Client_123,465553,RUR,2025-05-26,КЗ,
382,10163.0,Client_83,658057,RUR,2026-10-11,КЗ,7.0
383,10227.0,Client_64,721137,USD,,КЗ,3.0
384,10259.0,Client_2,264903,RUR,2025-02-01,ДЗ,6.0
385,10219.0,Client_67,86616,RUR,2025-04-04,ДЗ,7.0
386,10281.0,Client_99,74667,RUR,2026-06-28,КЗ,1.0
387,10229.0,Client_61,801569,RUR,2025-08-09,ДЗ,7.0
388,10082.0,Client_115,126598,RUR,2026-01-21,КЗ,3.0
389,10244.0,Client_69,702198,USD,2026-03-06,КЗ,2.0
390,10231.0,Client_85,464994,RUR,2026-04-10,ДЗ,2.0
391,10133.0,Client_78,536497,RUR,2025-12-16,КЗ,5.0
392,10127.0,Client_150,284254,RUR,,КЗ,7.0
393,10142.0,Client_147,795319,RUR,2025-06-11,ДЗ,2.0
394,10267.0,Client_3,763860,RUR,2026-01-14,КЗ,4.0
395,10249.0,Client_67,139644,RUR,2025-11-16,КЗ,2.0
396,10123.0,Client_93,246283,USD,2025-11-29,КЗ,1.0
397,10141.0,Client_61,678843,RUR,2026-08-05,ДЗ,4.0
398,10226.0,Client_16,323953,RUR,2026-09-03,КЗ,1.0
399,10040.0,Client_31,463101,RUR,2025-03-28,ДЗ,7.0
400,10147.0,Client_120,768713,RUR,2025-02-23,КЗ,5.0
401,,Client_79,34618,RUR,2025-06-09,КЗ,
402,10121.0,Client_41,54009,RUR,2025-06-11,КЗ,7.0
403,10140.0,Client_104,804883,RUR,2026-09-25,КЗ,6.0
404,10172.0,Client_129,725084,RUR,2025-02-20,ДЗ,1.0
405,10164.0,Client_80,970934,RUR,2026-11-22,ДЗ,1.0
406,10277.0,Client_31,515793,RUR,2025-03-25,КЗ,5.0
407,10042.0,Client_76,539670,USD,2025-10-06,КЗ,6.0
408,0.0,Client_95,478182,USD,2026-03-30,КЗ,
409,10071.0,Client_57,239117,RUR,2026-11-09,КЗ,5.0
410,,Client_57,415094,USD,2026-03-11,КЗ,
411,10078.0,Client_35,941868,RUR,2026-05-13,КЗ,1.0
412,10119.0,Client_123,452991,RUR,2026-09-14,КЗ,3.0
413,10197.0,Client_40,791607,RUR,2026-03-29,КЗ,1.0
414,10079.0,Client_117,469264,RUR,2026-03-01,ДЗ,6.0
415,10110.0,Client_96,703914,RUR,2025-10-07,ДЗ,2.0
416,10033.0,Client_107,28465,USD,2025-08-09,ДЗ,4.0
417,10213.0,Client_141,466082,RUR,2026-06-09,КЗ,2.0
418,10209.0,Client_121,441516,RUR,2025-04-27,КЗ,7.0
419,10170.0,Client_138,273246,RUR,2025-12-20,КЗ,4.0
420,10278.0,Client_56,276191,USD,,ДЗ,2.0
421,10239.0,Client_64,210394,RUR,2026-03-17,КЗ,7.0
422,10213.0,Client_21,881372,RUR,2025-04-24,ДЗ,2.0
423,,Client_135,116319,RUR,2025-10-18,КЗ,
424,10032.0,Client_115,340854,RUR,2026-11-26,ДЗ,2.0
425,,Client_136,838674,USD,2026-11-26,ДЗ,
426,10106.0,Client_93,580695,USD,2026-08-31,ДЗ,2.0
427,10216.0,Client_20,135665,RUR,2026-05-14,КЗ,7.0
428,10200.0,Client_145,779483,USD,2026-06-24,ДЗ,3.0
429,10300.0,Client_29,312329,RUR,2026-11-15,КЗ,6.0
430,,Client_16,558616,USD,2025-11-12,КЗ,
431,,Client_141,735136,RUR,2025-02-16,КЗ,
432,10011.0,Client_130,969479,RUR,2025-08-14,КЗ,6.0
433,10295.0,Client_52,424971,RUR,2026-02-09,КЗ,6.0
434,,Client_147,567860,RUR,2026-09-06,ДЗ,
435,,Client_138,835969,RUR,2025-02-26,КЗ,
436,10195.0,Client_39,967020,RUR,2025-01-08,КЗ,2.0
437,,Client_43,846243,RUR,2025-07-29,КЗ,
438,10245.0,Client_84,137988,RUR,2025-11-05,КЗ,2.0
439,10004.0,Client_134,77275,RUR,2025-08-05,КЗ,6.0
440,,Client_114,588695,RUR,2025-05-21,ДЗ,
441,,Client_30,308977,USD,2025-09-19,ДЗ,
442,10181.0,Client_53,914734,RUR,2025-10-24,КЗ,1.0
443,10153.0,Client_150,95128,RUR,2025-12-02,ДЗ,5.0
444,10200.0,Client_126,509766,RUR,2025-05-03,ДЗ,3.0
445,10215.0,Client_24,142412,USD,2025-01-08,КЗ,3.0
446,10276.0,Client_131,491550,RUR,2026-05-25,ДЗ,5.0
447,10280.0,Client_115,92593,RUR,2026-03-17,КЗ,2.0
448,10113.0,Client_15,125249,USD,2025-06-29,ДЗ,3.0
449,10250.0,Client_117,753804,USD,2025-05-13,ДЗ,3.0
450,,Client_34,202535,RUR,2026-01-25,ДЗ,
451,10113.0,Client_132,163934,RUR,2026-06-30,КЗ,3.0
452,10140.0,Client_107,270503,RUR,2026-12-22,ДЗ,6.0
453,10224.0,Client_117,181311,USD,2025-08-24,ДЗ,4.0
454,10249.0,Client_145,915307,RUR,2026-05-28,КЗ,2.0
455,,Client_15,277093,RUR,2026-07-27,КЗ,
456,10015.0,Client_144,344012,USD,,ДЗ,5.0
457,0.0,Client_119,368352,RUR,2026-11-16,КЗ,
458,10200.0,Client_79,876241,RUR,,ДЗ,3.0
459,,Client_6,317113,RUR,2025-12-29,ДЗ,
460,,Client_102,913420,RUR,2025-03-15,КЗ,
461,,Client_66,63195,RUR,2026-02-11,КЗ,
462,10173.0,Client_1,117986,RUR,2025-02-13,КЗ,4.0
463,10208.0,Client_56,857442,RUR,2026-03-23,ДЗ,3.0
464,10085.0,Client_149,480026,RUR,2025-01-20,КЗ,2.0
465,10240.0,Client_19,285811,USD,2026-04-16,ДЗ,1.0
466,10066.0,Client_12,35392,RUR,2025-03-21,КЗ,1.0
467,10274.0,Client_109,74913,USD,2025-11-17,ДЗ,3.0
468,10014.0,Client_89,621524,RUR,2026-08-13,КЗ,1.0
469,10202.0,Client_17,576019,USD,2026-03-16,ДЗ,7.0
470,10289.0,Client_139,9985,RUR,2026-08-11,КЗ,7.0
471,0.0,Client_16,977263,RUR,2026-02-19,ДЗ,
472,10014.0,Client_18,185478,RUR,2026-12-28,КЗ,1.0
473,0.0,Client_121,852846,USD,2026-10-18,КЗ,
474,10043.0,Client_9,327331,RUR,2026-03-04,ДЗ,4.0
475,10220.0,Client_74,422481,RUR,2025-10-24,КЗ,5.0
476,10070.0,Client_105,976533,RUR,2025-04-28,ДЗ,6.0
477,,Client_47,460344,USD,2026-02-19,ДЗ,
478,10237.0,Client_35,882530,RUR,2025-01-22,КЗ,6.0
479,10094.0,Client_108,574200,RUR,2025-11-29,ДЗ,2.0
480,10026.0,Client_96,705960,RUR,2025-06-25,КЗ,2.0
481,10134.0,Client_98,472467,USD,2026-09-25,КЗ,6.0
482,10195.0,Client_115,320887,RUR,2026-04-17,ДЗ,2.0
483,10168.0,Client_97,45000,RUR,2026-12-08,КЗ,7.0
484,10109.0,Client_97,436262,RUR,2026-01-06,ДЗ,2.0
485,10233.0,Client_21,401167,RUR,2025-04-01,ДЗ,2.0
486,10168.0,Client_139,802820,RUR,2026-03-24,КЗ,7.0
487,0.0,Client_35,72792,RUR,2025-04-19,КЗ,
488,10173.0,Client_90,460896,RUR,,ДЗ,4.0
489,10195.0,Client_31,400684,RUR,2025-09-07,ДЗ,2.0
490,10143.0,Client_46,871968,RUR,2026-03-23,КЗ,3.0
491,10216.0,Client_138,751596,RUR,2026-08-27,КЗ,7.0
492,10130.0,Client_101,46503,RUR,2026-02-15,КЗ,3.0
493,10042.0,Client_136,615558,RUR,2026-06-21,КЗ,6.0
494,10241.0,Client_33,795700,RUR,2025-03-22,ДЗ,7.0
495,10010.0,Client_58,312123,RUR,2026-02-10,КЗ,1.0
496,10277.0,Client_1,59971,RUR,2025-11-14,ДЗ,5.0
497,10027.0,Client_6,482704,RUR,2025-12-14,ДЗ,6.0
498,,Client_77,491962,RUR,2025-08-15,КЗ,
499,10180.0,Client_119,32274,RUR,2025-12-08,ДЗ,7.0
500,10115.0,Client_140,755211,USD,2025-06-22,КЗ,6.0
501,10036.0,Client_109,223663,RUR,2025-03-20,ДЗ,7.0
502,10021.0,Client_137,137753,RUR,2026-06-07,КЗ,2.0
503,10016.0,Client_98,110255,RUR,2026-10-11,ДЗ,4.0
504,10127.0,Client_59,334097,RUR,2025-04-27,ДЗ,7.0
505,10103.0,Client_64,850578,RUR,2026-06-28,КЗ,1.0
506,10011.0,Client_118,311922,RUR,2026-06-07,КЗ,6.0
507,10079.0,Client_89,501708,RUR,2025-07-18,ДЗ,6.0
508,10123.0,Client_40,813181,RUR,2025-12-24,ДЗ,1.0
509,10065.0,Client_71,127895,RUR,2025-12-26,КЗ,4.0
510,10243.0,Client_49,88768,RUR,2026-10-23,ДЗ,7.0
511,10059.0,Client_29,737785,USD,2025-06-01,КЗ,7.0
512,10289.0,Client_9,670027,RUR,2025-08-30,ДЗ,7.0
513,10112.0,Client_108,473720,USD,2025-04-16,КЗ,4.0
514,10239.0,Client_5,876438,RUR,2025-05-30,ДЗ,7.0
515,0.0,Client_62,763529,RUR,2025-09-20,КЗ,
516,0.0,Client_53,620407,RUR,2025-07-22,КЗ,
517,10132.0,Client_18,979548,RUR,2025-06-27,ДЗ,2.0
518,10189.0,Client_26,864534,USD,2026-09-09,КЗ,7.0
519,10086.0,Client_9,553191,RUR,2025-06-06,ДЗ,7.0
520,10059.0,Client_115,673690,USD,2026-11-03,КЗ,7.0
521,10084.0,Client_13,673322,RUR,2025-03-19,КЗ,7.0
522,10160.0,Client_63,436671,USD,2025-07-01,КЗ,1.0
523,10056.0,Client_12,948863,RUR,2026-10-06,ДЗ,3.0
524,10297.0,Client_103,230247,RUR,2026-05-21,КЗ,2.0
525,10014.0,Client_113,555183,RUR,2026-04-21,ДЗ,1.0
526,10160.0,Client_60,507920,RUR,2026-08-01,КЗ,1.0
527,10295.0,Client_139,271014,RUR,2026-08-17,ДЗ,6.0
528,10193.0,Client_56,535481,RUR,2026-04-05,ДЗ,3.0
529,,Client_15,964175,USD,2026-11-29,ДЗ,
530,10204.0,Client_36,393509,RUR,2026-08-02,КЗ,5.0
531,10102.0,Client_129,362555,RUR,2026-10-21,ДЗ,6.0
532,10039.0,Client_75,279813,RUR,2026-10-13,КЗ,7.0
533,10125.0,Client_60,797722,RUR,2026-10-02,ДЗ,7.0
534,10053.0,Client_148,849356,RUR,2025-11-27,ДЗ,1.0
535,10155.0,Client_82,698212,RUR,2026-10-05,ДЗ,3.0
536,10062.0,Client_148,687787,RUR,2025-11-20,ДЗ,4.0
537,10290.0,Client_83,304314,RUR,2025-06-04,КЗ,3.0
538,10022.0,Client_61,564585,RUR,2026-03-27,ДЗ,5.0
539,10178.0,Client_78,526649,RUR,2025-03-11,ДЗ,3.0
540,,Client_37,157684,RUR,2026-04-26,КЗ,
541,10273.0,Client_134,924320,RUR,2026-03-29,ДЗ,1.0
542,10220.0,Client_57,349039,RUR,2026-10-09,ДЗ,5.0
543,10190.0,Client_106,291177,RUR,2025-11-07,ДЗ,6.0
544,10036.0,Client_77,659838,RUR,2025-10-09,ДЗ,7.0
545,10260.0,Client_71,564971,USD,2026-08-29,КЗ,2.0
546,10175.0,Client_16,374326,RUR,2025-02-27,КЗ,5.0
547,,Client_143,871903,USD,,ДЗ,
548,10007.0,Client_45,684493,RUR,2025-12-27,КЗ,2.0
549,10216.0,Client_110,417316,RUR,2026-06-04,КЗ,7.0
550,10251.0,Client_143,111132,RUR,2025-03-17,ДЗ,5.0
551,10055.0,Client_127,207040,USD,2025-11-14,КЗ,7.0
552,10222.0,Client_13,304848,RUR,2026-04-18,ДЗ,5.0
553,10186.0,Client_89,461652,USD,2026-04-08,КЗ,5.0
554,10236.0,Client_98,881606,USD,2025-02-08,КЗ,1.0
555,10079.0,Client_135,226827,RUR,2025-02-28,КЗ,6.0
556,10223.0,Client_82,73969,RUR,2026-01-13,ДЗ,3.0
557,,Client_107,791942,RUR,2025-10-21,КЗ,
558,0.0,Client_105,869907,RUR,2025-03-20,ДЗ,
559,10091.0,Client_39,711504,USD,2026-10-23,ДЗ,6.0
560,10268.0,Client_77,718775,USD,2025-04-03,КЗ,5.0
561,10139.0,Client_97,882587,RUR,2026-09-22,ДЗ,4.0
562,10276.0,Client_48,202516,RUR,2026-09-01,КЗ,5.0
563,,Client_138,924400,RUR,2026-06-04,ДЗ,
564,0.0,Client_122,611104,RUR,2026-01-29,ДЗ,
565,10248.0,Client_62,578633,USD,2026-04-19,КЗ,5.0
566,10239.0,Client_58,567444,RUR,2026-08-18,КЗ,7.0
567,10224.0,Client_77,411025,RUR,2026-07-22,КЗ,4.0
568,10138.0,Client_37,775124,RUR,,КЗ,4.0
569,10166.0,Client_119,320801,RUR,2025-02-12,ДЗ,6.0
570,10126.0,Client_15,279787,RUR,2026-04-06,ДЗ,1.0
571,10045.0,Client_144,430734,RUR,2026-08-09,ДЗ,3.0
572,10143.0,Client_106,750071,RUR,2026-10-30,КЗ,3.0
573,10231.0,Client_107,496607,RUR,2025-07-12,ДЗ,2.0
574,10125.0,Client_143,882570,USD,2025-11-26,КЗ,7.0
575,10238.0,Client_136,410040,RUR,2026-09-12,ДЗ,4.0
576,10292.0,Client_35,266072,RUR,2026-05-03,КЗ,5.0
577,,Client_100,116756,RUR,2026-05-29,ДЗ,
578,10195.0,Client_63,17187,RUR,2025-06-04,ДЗ,2.0
579,10173.0,Client_66,930209,RUR,,КЗ,4.0
580,10015.0,Client_53,293581,RUR,2025-03-05,ДЗ,5.0
581,10254.0,Client_85,136654,RUR,2026-04-07,КЗ,4.0
582,10167.0,Client_21,851865,RUR,2025-04-16,ДЗ,2.0
583,10094.0,Client_116,485857,RUR,2025-12-18,ДЗ,2.0
584,10250.0,Client_95,182124,RUR,2025-03-28,КЗ,3.0
585,10109.0,Client_24,136635,USD,2026-06-01,КЗ,2.0
586,10182.0,Client_138,767624,RUR,2026-10-24,ДЗ,6.0
587,,Client_49,594836,RUR,2025-06-26,ДЗ,
588,,Client_14,529036,RUR,,ДЗ,
589,,Client_69,392820,RUR,2025-02-10,ДЗ,
590,10133.0,Client_97,295867,RUR,2025-09-11,ДЗ,5.0
591,,Client_11,452472,RUR,2026-12-26,ДЗ,
592,10175.0,Client_19,35734,USD,2026-03-25,КЗ,5.0
593,10144.0,Client_49,962206,RUR,2026-03-26,КЗ,2.0
594,10142.0,Client_144,376842,RUR,2026-06-21,КЗ,2.0
595,10285.0,Client_56,311578,RUR,2026-06-20,ДЗ,1.0
596,10006.0,Client_123,855180,RUR,2026-09-17,ДЗ,2.0
597,10265.0,Client_54,546442,RUR,2025-06-12,ДЗ,6.0
598,10098.0,Client_86,594416,RUR,,КЗ,6.0
599,10044.0,Client_78,546595,RUR,2026-01-08,КЗ,3.0
600,0.0,Client_4,473966,USD,2026-01-17,ДЗ,
601,10124.0,Client_55,755281,RUR,2025-10-17,ДЗ,2.0
602,10209.0,Client_49,605942,RUR,2026-02-01,КЗ,7.0
603,10251.0,Client_31,676846,RUR,2026-02-23,КЗ,5.0
604,,Client_123,607664,RUR,2025-12-13,КЗ,
605,,Client_63,977122,RUR,2026-11-27,ДЗ,
606,10285.0,Client_53,315025,RUR,2026-09-05,ДЗ,1.0
607,10124.0,Client_102,708240,RUR,2025-02-23,ДЗ,2.0
608,10244.0,Client_62,192612,USD,2026-10-09,КЗ,2.0
609,10252.0,Client_142,961803,RUR,2026-10-25,КЗ,7.0
610,10230.0,Client_83,847567,RUR,2025-12-09,ДЗ,3.0
611,0.0,Client_73,532598,USD,2025-03-09,ДЗ,
612,10009.0,Client_98,568751,RUR,2025-12-04,КЗ,6.0
613,10048.0,Client_120,766635,RUR,2025-04-07,ДЗ,7.0
614,,Client_137,602667,RUR,2026-07-26,КЗ,
615,10151.0,Client_92,191520,RUR,2026-11-26,КЗ,5.0
616,10114.0,Client_79,710744,RUR,2026-01-31,ДЗ,6.0
617,,Client_67,500944,USD,2025-10-18,КЗ,
618,10208.0,Client_93,203296,RUR,2025-09-16,ДЗ,3.0
619,10125.0,Client_132,200019,RUR,2026-11-04,КЗ,7.0
620,10157.0,Client_128,415748,RUR,2026-09-10,КЗ,2.0
621,10298.0,Client_120,257424,RUR,2025-06-03,ДЗ,5.0
622,10189.0,Client_26,719549,RUR,2025-12-08,КЗ,7.0
623,10243.0,Client_121,973002,RUR,2025-03-25,ДЗ,7.0
624,10284.0,Client_82,754751,USD,2026-08-20,ДЗ,6.0
625,10272.0,Client_53,658781,RUR,2026-11-11,КЗ,2.0
626,10177.0,Client_95,867880,RUR,2025-05-25,ДЗ,5.0
627,10218.0,Client_81,430699,RUR,2025-12-25,ДЗ,5.0
628,10282.0,Client_106,376060,RUR,2025-11-14,ДЗ,1.0
629,0.0,Client_12,734142,RUR,2026-11-03,ДЗ,
630,10170.0,Client_145,647441,RUR,2026-12-17,ДЗ,4.0
631,10181.0,Client_57,472506,RUR,2026-11-10,ДЗ,1.0
632,10233.0,Client_38,184065,RUR,2026-02-06,КЗ,2.0
633,10139.0,Client_5,166992,RUR,2025-05-13,ДЗ,4.0
634,10157.0,Client_67,852794,RUR,2026-09-02,КЗ,2.0
635,,Client_142,134932,USD,2026-12-27,КЗ,
636,10129.0,Client_150,153362,RUR,2025-03-28,ДЗ,4.0
637,10119.0,Client_149,67511,RUR,2025-11-14,КЗ,3.0
638,10062.0,Client_107,285621,RUR,2026-07-27,КЗ,4.0
639,10099.0,Client_76,440053,USD,2026-01-21,ДЗ,3.0
640,10162.0,Client_40,987173,USD,2026-10-21,ДЗ,1.0
641,0.0,Client_51,38311,RUR,2025-12-03,ДЗ,
642,10062.0,Client_85,214081,USD,,КЗ,4.0
643,10275.0,Client_59,265988,RUR,2025-05-11,КЗ,1.0
644,10095.0,Client_98,781026,RUR,2026-11-18,ДЗ,3.0
645,,Client_146,287239,RUR,2026-12-21,ДЗ,
646,10099.0,Client_63,672437,RUR,2026-12-03,КЗ,3.0
647,10111.0,Client_128,753398,RUR,2026-06-24,КЗ,4.0
648,10248.0,Client_141,558930,USD,2025-04-06,КЗ,5.0
649,10142.0,Client_87,10751,RUR,2026-10-24,КЗ,2.0
650,10269.0,Client_66,99339,RUR,2026-11-18,ДЗ,4.0
651,,Client_126,865463,RUR,2026-03-10,КЗ,
652,10145.0,Client_126,750804,RUR,2026-06-05,КЗ,2.0
653,10052.0,Client_118,888644,RUR,2026-01-06,КЗ,4.0
654,10100.0,Client_44,803247,RUR,2025-01-19,КЗ,6.0
655,10152.0,Client_91,437725,RUR,2026-01-07,ДЗ,4.0
656,,Client_44,155478,USD,2025-11-13,ДЗ,
657,10117.0,Client_36,150258,RUR,2025-07-04,КЗ,2.0
658,10185.0,Client_140,407692,RUR,2025-08-08,КЗ,6.0
659,10092.0,Client_126,323594,RUR,2025-12-16,ДЗ,7.0
660,10155.0,Client_48,333669,RUR,2026-05-13,ДЗ,3.0
661,10008.0,Client_139,496674,RUR,2025-07-16,КЗ,2.0
662,10274.0,Client_16,429952,RUR,2025-08-20,КЗ,3.0
663,10065.0,Client_135,872652,USD,2025-05-21,ДЗ,4.0
664,10141.0,Client_9,901421,RUR,2025-06-08,ДЗ,4.0
665,,Client_20,444965,USD,2025-03-21,ДЗ,
666,10024.0,Client_13,427926,USD,2025-10-30,ДЗ,1.0
667,10028.0,Client_2,665518,RUR,2025-04-14,ДЗ,6.0
668,10284.0,Client_106,256048,USD,2026-06-04,ДЗ,6.0
669,10150.0,Client_36,521581,RUR,2026-07-07,КЗ,6.0
670,10065.0,Client_60,861169,USD,2026-06-24,ДЗ,4.0
671,10252.0,Client_18,471349,RUR,2025-02-08,ДЗ,7.0
672,10053.0,Client_39,856726,USD,2026-11-09,ДЗ,1.0
673,,Client_3,863449,USD,2025-12-11,ДЗ,
674,10007.0,Client_56,64300,USD,2026-09-25,КЗ,2.0
675,10294.0,Client_130,105948,RUR,2025-05-15,КЗ,3.0
676,10146.0,Client_117,106122,RUR,2026-09-04,ДЗ,6.0
677,,Client_96,702079,RUR,2026-01-21,КЗ,
678,10241.0,Client_16,934758,RUR,2025-06-07,КЗ,7.0
679,10246.0,Client_124,412855,RUR,2025-06-16,КЗ,6.0
680,10226.0,Client_125,780841,RUR,2025-07-05,КЗ,1.0
681,10175.0,Client_5,846590,RUR,2026-12-11,КЗ,5.0
682,10095.0,Client_2,62168,USD,2026-10-02,КЗ,3.0
683,10027.0,Client_137,470629,RUR,2025-06-19,ДЗ,6.0
684,10130.0,Client_142,886464,USD,2026-03-25,ДЗ,3.0
685,10245.0,Client_106,161545,RUR,2025-02-14,ДЗ,2.0
686,10059.0,Client_4,688614,USD,2026-02-25,ДЗ,7.0
687,10034.0,Client_5,137203,USD,2026-01-09,ДЗ,5.0
688,10206.0,Client_136,224705,RUR,2026-11-24,КЗ,7.0
689,10252.0,Client_71,203147,RUR,2025-09-01,ДЗ,7.0
690,10038.0,Client_138,809317,RUR,2026-03-31,ДЗ,1.0
691,10296.0,Client_74,996532,RUR,2026-09-18,КЗ,4.0
692,10028.0,Client_5,249868,RUR,2025-10-19,КЗ,6.0
693,10078.0,Client_129,684129,RUR,2026-04-05,ДЗ,1.0
694,10077.0,Client_111,94575,RUR,2025-08-28,КЗ,1.0
695,,Client_46,510470,RUR,2026-07-01,КЗ,
696,10289.0,Client_28,526670,RUR,2025-09-02,КЗ,7.0
697,10156.0,Client_25,690084,RUR,2025-11-13,КЗ,2.0
698,10044.0,Client_135,703898,RUR,,ДЗ,3.0
699,10128.0,Client_39,221072,USD,2026-04-26,КЗ,3.0
700,10061.0,Client_62,854066,RUR,2025-07-18,ДЗ,6.0
701,10286.0,Client_50,162877,USD,2026-01-12,ДЗ,2.0
702,,Client_135,955848,RUR,2026-11-26,КЗ,
703,10214.0,Client_65,861496,RUR,2026-08-08,КЗ,2.0
704,,Client_91,692897,RUR,,КЗ,
705,,Client_69,209044,RUR,2026-03-28,ДЗ,
706,10116.0,Client_102,992482,RUR,2026-04-18,КЗ,5.0
707,10268.0,Client_21,643394,RUR,2025-10-16,КЗ,5.0
708,10195.0,Client_96,236540,RUR,2026-01-27,КЗ,2.0
709,10231.0,Client_104,728442,RUR,2026-05-30,КЗ,2.0
710,10227.0,Client_118,312827,RUR,2026-06-25,КЗ,3.0
711,10153.0,Client_145,824924,RUR,2026-03-05,ДЗ,5.0
712,10220.0,Client_63,7561,RUR,2025-06-15,КЗ,5.0
713,10157.0,Client_58,624511,RUR,2025-07-24,КЗ,2.0
714,10292.0,Client_77,797048,RUR,2026-09-12,КЗ,5.0
715,10031.0,Client_21,472601,RUR,2025-05-22,ДЗ,4.0
716,10051.0,Client_9,148686,USD,2025-09-14,КЗ,1.0
717,10107.0,Client_24,383495,RUR,2025-02-23,ДЗ,5.0
718,10109.0,Client_104,494278,RUR,2026-10-19,ДЗ,2.0
719,,Client_98,953872,USD,2026-05-08,КЗ,
720,10136.0,Client_97,231596,RUR,2026-01-16,КЗ,2.0
721,10042.0,Client_142,692248,RUR,2026-07-22,КЗ,6.0
722,10081.0,Client_122,731209,RUR,2025-04-16,ДЗ,7.0
723,,Client_15,716509,RUR,2026-12-30,ДЗ,
724,10123.0,Client_3,849025,RUR,2026-06-13,ДЗ,1.0
725,10089.0,Client_44,560415,RUR,2025-05-08,ДЗ,3.0
726,10283.0,Client_22,880079,RUR,2025-10-19,ДЗ,6.0
727,,Client_128,174021,RUR,2025-03-27,ДЗ,
728,10039.0,Client_112,886659,USD,2025-06-14,КЗ,7.0
729,10081.0,Client_85,673318,USD,2025-10-07,КЗ,7.0
730,10002.0,Client_145,739622,RUR,2026-04-06,ДЗ,1.0
731,10210.0,Client_25,603391,RUR,2026-06-10,КЗ,6.0
732,10231.0,Client_136,707855,RUR,2025-05-31,КЗ,2.0
733,10241.0,Client_11,564146,RUR,2026-03-24,ДЗ,7.0
734,10150.0,Client_59,316556,RUR,2025-04-04,ДЗ,6.0
735,10017.0,Client_55,330914,RUR,2025-08-16,КЗ,1.0
736,10119.0,Client_146,82379,USD,2026-04-07,ДЗ,3.0
737,10148.0,Client_122,15534,RUR,2025-12-24,ДЗ,5.0
738,10145.0,Client_70,719507,RUR,2025-01-28,КЗ,2.0
739,10233.0,Client_12,441091,RUR,2026-03-01,ДЗ,2.0
740,10037.0,Client_20,338013,RUR,2025-02-24,КЗ,7.0
741,10120.0,Client_72,770142,USD,2026-02-10,КЗ,7.0
742,10136.0,Client_140,328921,RUR,2026-05-30,КЗ,2.0
743,10102.0,Client_145,83655,RUR,2026-01-18,КЗ,6.0
744,10218.0,Client_9,652767,RUR,,КЗ,5.0
745,10059.0,Client_46,741380,RUR,2025-08-30,ДЗ,7.0
746,10279.0,Client_81,763899,RUR,2026-01-31,ДЗ,5.0
747,10116.0,Client_5,176906,RUR,2025-03-25,ДЗ,5.0
748,10077.0,Client_54,888197,RUR,2026-01-19,ДЗ,1.0
749,10137.0,Client_37,481819,RUR,2025-08-18,КЗ,6.0
750,10073.0,Client_102,433919,RUR,2025-01-29,КЗ,3.0
751,,Client_20,470024,RUR,2025-11-23,ДЗ,
752,10037.0,Client_77,999530,RUR,,КЗ,7.0
753,10031.0,Client_42,68903,RUR,2025-04-12,ДЗ,4.0
754,10085.0,Client_145,432648,RUR,2026-10-28,ДЗ,2.0
755,,Client_62,878235,USD,2025-12-10,ДЗ,
756,10158.0,Client_146,807844,USD,2025-05-30,КЗ,5.0
757,10292.0,Client_100,748836,USD,2025-05-21,КЗ,5.0
758,10148.0,Client_139,477842,RUR,2025-02-09,КЗ,5.0
759,10225.0,Client_85,699639,RUR,2025-10-21,КЗ,1.0
760,10064.0,Client_99,726902,RUR,2026-04-29,ДЗ,1.0
761,10240.0,Client_36,245504,RUR,2026-12-14,КЗ,1.0
762,10156.0,Client_21,642349,USD,2025-05-23,КЗ,2.0
763,10207.0,Client_129,302623,RUR,2026-12-24,КЗ,6.0
764,10140.0,Client_89,17397,RUR,2026-04-26,ДЗ,6.0
765,0.0,Client_14,788543,RUR,2026-04-05,ДЗ,
766,10257.0,Client_26,509446,RUR,2026-09-23,КЗ,7.0
767,10277.0,Client_112,120334,RUR,2025-01-06,КЗ,5.0
768,10253.0,Client_60,568402,RUR,2025-03-23,КЗ,5.0
769,10225.0,Client_20,767554,RUR,2025-01-20,КЗ,1.0
770,10042.0,Client_88,929342,RUR,2025-09-20,ДЗ,6.0
771,,Client_102,880865,RUR,2025-08-09,КЗ,
772,10021.0,Client_84,178670,RUR,2025-06-03,КЗ,2.0
773,,Client_8,783252,USD,2026-07-16,КЗ,
774,10222.0,Client_70,797652,USD,2026-09-16,ДЗ,5.0
775,10166.0,Client_116,509833,RUR,2026-06-25,ДЗ,6.0
776,,Client_126,926371,RUR,2026-03-10,КЗ,
777,10129.0,Client_59,285096,RUR,2025-04-24,КЗ,4.0
778,10014.0,Client_92,341483,RUR,2025-10-23,КЗ,1.0
779,10047.0,Client_142,394245,RUR,2025-09-01,КЗ,2.0
780,10118.0,Client_97,732947,USD,2025-11-05,КЗ,6.0
781,10295.0,Client_111,511703,RUR,2025-05-05,ДЗ,6.0
782,10011.0,Client_48,615963,USD,2025-02-18,ДЗ,6.0
783,10138.0,Client_150,507465,RUR,2025-09-02,ДЗ,4.0
784,10296.0,Client_98,619428,RUR,2026-03-06,КЗ,4.0
785,10021.0,Client_22,148610,RUR,2026-10-17,ДЗ,2.0
786,10090.0,Client_76,179687,USD,2026-09-30,ДЗ,4.0
787,10241.0,Client_64,530132,RUR,2026-04-14,ДЗ,7.0
788,10266.0,Client_19,739280,RUR,2025-03-06,КЗ,3.0
789,10227.0,Client_22,435733,RUR,2025-04-24,КЗ,3.0
790,10143.0,Client_69,924673,RUR,2026-05-27,ДЗ,3.0
791,10093.0,Client_40,828891,RUR,2026-09-04,КЗ,3.0
792,10300.0,Client_98,675259,RUR,2026-07-03,ДЗ,6.0
793,10224.0,Client_40,360990,RUR,2025-01-17,ДЗ,4.0
794,10252.0,Client_100,749222,RUR,,ДЗ,7.0
795,0.0,Client_82,645294,RUR,2026-10-10,ДЗ,
796,10047.0,Client_93,201360,RUR,2026-06-12,КЗ,2.0
797,10241.0,Client_28,745319,RUR,2026-08-12,КЗ,7.0
798,10179.0,Client_24,777981,RUR,,КЗ,5.0
799,10210.0,Client_2,763134,RUR,2025-09-05,КЗ,6.0
800,10171.0,Client_79,531985,RUR,2025-05-28,ДЗ,5.0
801,10165.0,Client_114,833625,USD,2025-10-26,КЗ,2.0
802,10054.0,Client_93,430542,RUR,2026-03-16,ДЗ,3.0
803,10083.0,Client_70,203299,RUR,2025-01-02,КЗ,1.0
804,10169.0,Client_27,376894,RUR,2026-09-22,КЗ,6.0
805,10211.0,Client_34,484685,RUR,2025-12-28,КЗ,5.0
806,10254.0,Client_23,732822,RUR,2025-09-04,ДЗ,4.0
807,10148.0,Client_48,681877,RUR,2026-08-08,ДЗ,5.0
808,10206.0,Client_111,936297,RUR,2026-03-03,ДЗ,7.0
809,10282.0,Client_115,472990,RUR,2025-07-11,ДЗ,1.0
810,,Client_143,383200,RUR,2026-11-12,КЗ,
811,10019.0,Client_143,115698,RUR,2026-11-16,ДЗ,1.0
812,10233.0,Client_132,250200,RUR,2025-03-29,ДЗ,2.0
813,,Client_105,782977,RUR,2026-06-21,КЗ,
814,10046.0,Client_27,708621,RUR,2026-01-05,КЗ,2.0
815,10162.0,Client_7,776776,RUR,2025-03-11,ДЗ,1.0
816,10130.0,Client_23,133341,USD,2026-06-23,КЗ,3.0
817,10166.0,Client_91,739552,RUR,2026-07-12,ДЗ,6.0
818,10060.0,Client_142,153224,RUR,2026-06-04,КЗ,1.0
819,,Client_24,465165,RUR,2026-06-04,ДЗ,
820,10207.0,Client_84,205023,RUR,2026-07-22,ДЗ,6.0
821,10264.0,Client_99,8136,RUR,2025-01-21,ДЗ,6.0
822,0.0,Client_4,556166,RUR,2026-02-04,ДЗ,
823,10001.0,Client_75,945338,RUR,2026-04-27,ДЗ,6.0
824,10278.0,Client_106,154345,RUR,2025-02-14,КЗ,2.0
825,10237.0,Client_100,685863,RUR,2026-10-13,ДЗ,6.0
826,10212.0,Client_22,983925,RUR,2026-02-01,ДЗ,5.0
827,10028.0,Client_144,202847,RUR,2026-01-18,ДЗ,6.0
828,10097.0,Client_63,923948,USD,2025-09-17,ДЗ,2.0
829,10266.0,Client_147,543188,RUR,2025-01-17,ДЗ,3.0
830,10186.0,Client_134,287616,RUR,2026-01-01,КЗ,5.0
831,10256.0,Client_44,323760,USD,2025-03-11,КЗ,5.0
832,10227.0,Client_98,807070,RUR,2025-12-20,ДЗ,3.0
833,,Client_44,850450,RUR,2025-09-04,КЗ,
834,10027.0,Client_36,932577,RUR,2026-11-04,ДЗ,6.0
835,10105.0,Client_69,333399,USD,2026-10-06,КЗ,6.0
836,10137.0,Client_78,755700,RUR,2025-04-17,КЗ,6.0
837,10282.0,Client_69,59600,RUR,2026-08-19,ДЗ,1.0
838,10068.0,Client_127,167747,RUR,2025-12-07,КЗ,3.0
839,10148.0,Client_38,236627,USD,2025-05-17,КЗ,5.0
840,10225.0,Client_17,435577,RUR,2025-02-15,ДЗ,1.0
841,0.0,Client_43,635047,RUR,2025-12-27,ДЗ,
842,10249.0,Client_112,552104,RUR,2026-07-14,КЗ,2.0
843,10063.0,Client_71,396552,RUR,2025-12-13,КЗ,5.0
844,10015.0,Client_108,409164,RUR,2026-10-21,КЗ,5.0
845,,Client_77,2452,USD,2025-06-29,ДЗ,
846,10123.0,Client_124,133104,RUR,2026-12-03,КЗ,1.0
847,,Client_20,862981,RUR,2026-04-21,КЗ,
848,10082.0,Client_93,532944,RUR,2026-12-14,КЗ,3.0
849,10160.0,Client_65,786361,USD,2026-05-06,ДЗ,1.0
850,10283.0,Client_64,349080,RUR,2026-10-09,ДЗ,6.0
851,,Client_127,660958,RUR,2025-07-06,ДЗ,
852,10008.0,Client_51,731578,USD,2025-05-19,ДЗ,2.0
853,10283.0,Client_118,50198,USD,2025-03-06,КЗ,6.0
854,10209.0,Client_28,981990,USD,2026-04-14,ДЗ,7.0
855,10048.0,Client_35,374413,USD,2025-02-07,КЗ,7.0
856,10116.0,Client_78,665029,RUR,2025-10-28,КЗ,5.0
857,0.0,Client_2,247299,RUR,2025-07-26,КЗ,
858,10059.0,Client_102,126160,RUR,2025-02-14,КЗ,7.0
859,10237.0,Client_86,188054,USD,2025-07-24,ДЗ,6.0
860,,Client_98,725853,RUR,2025-02-12,ДЗ,
861,10061.0,Client_85,130644,RUR,2025-11-20,ДЗ,6.0
862,10079.0,Client_113,524728,RUR,2025-11-14,ДЗ,6.0
863,10256.0,Client_86,699409,RUR,,ДЗ,5.0
864,10150.0,Client_111,606690,RUR,2026-06-12,КЗ,6.0
865,10261.0,Client_35,980047,USD,,ДЗ,6.0
866,10140.0,Client_77,747128,USD,2026-02-12,ДЗ,6.0
867,10213.0,Client_83,467343,RUR,2026-07-11,ДЗ,2.0
868,10248.0,Client_52,524526,RUR,2026-04-30,ДЗ,5.0
869,10242.0,Client_123,393674,RUR,,КЗ,5.0
870,10125.0,Client_81,644007,RUR,2025-09-17,КЗ,7.0
871,10234.0,Client_46,468566,USD,2025-02-07,КЗ,5.0
872,10283.0,Client_102,871908,RUR,2026-10-25,КЗ,6.0
873,10075.0,Client_82,624319,RUR,2025-07-15,КЗ,2.0
874,10197.0,Client_75,948258,USD,2025-10-20,ДЗ,1.0
875,0.0,Client_126,157051,RUR,2026-01-01,КЗ,
876,10098.0,Client_148,868064,RUR,2025-02-18,КЗ,6.0
877,10261.0,Client_63,842310,RUR,2026-11-03,КЗ,6.0
878,10070.0,Client_84,562160,RUR,2025-12-06,ДЗ,6.0
879,0.0,Client_97,58578,RUR,2025-10-07,ДЗ,
880,10036.0,Client_72,457669,RUR,2025-05-08,КЗ,7.0
881,10142.0,Client_101,551150,RUR,2026-01-12,ДЗ,2.0
882,10213.0,Client_94,144455,USD,2026-03-24,ДЗ,2.0
883,0.0,Client_30,719382,RUR,2026-02-14,КЗ,
884,,Client_145,694880,RUR,2026-03-27,ДЗ,
885,10175.0,Client_52,842100,RUR,2026-01-31,ДЗ,5.0
886,10260.0,Client_140,871622,RUR,2025-12-14,ДЗ,2.0
887,10137.0,Client_47,806751,RUR,2025-07-11,КЗ,6.0
888,10002.0,Client_141,843701,RUR,2026-05-24,КЗ,1.0
889,,Client_7,493771,RUR,2026-12-10,КЗ,
890,10145.0,Client_119,599353,USD,,ДЗ,2.0
891,10153.0,Client_54,178012,RUR,2026-05-25,КЗ,5.0
892,10297.0,Client_113,175867,RUR,2026-01-12,ДЗ,2.0
893,10251.0,Client_75,236381,USD,,ДЗ,5.0
894,10077.0,Client_18,84854,RUR,2026-06-16,ДЗ,1.0
895,10229.0,Client_105,602376,RUR,2025-10-01,КЗ,7.0
896,10276.0,Client_128,451658,RUR,2025-03-26,КЗ,5.0
897,10248.0,Client_36,507832,RUR,2026-03-11,КЗ,5.0
898,10177.0,Client_78,150123,RUR,2025-03-22,КЗ,5.0
899,0.0,Client_62,656767,RUR,2026-03-17,ДЗ,
900,,Client_65,80488,RUR,,КЗ,
901,10171.0,Client_40,877300,RUR,2026-09-09,ДЗ,5.0
902,0.0,Client_109,821960,RUR,2025-07-04,КЗ,
903,10283.0,Client_97,239879,RUR,2026-07-13,КЗ,6.0
904,10279.0,Client_19,878553,RUR,,КЗ,5.0
905,10194.0,Client_115,904950,RUR,2025-10-28,ДЗ,4.0
906,10234.0,Client_123,206946,RUR,2025-11-25,ДЗ,5.0
907,10165.0,Client_150,694435,USD,2025-04-16,ДЗ,2.0
908,10097.0,Client_103,132312,RUR,2025-03-23,ДЗ,2.0
909,10123.0,Client_137,942446,RUR,2025-12-02,ДЗ,1.0
910,10293.0,Client_130,812953,RUR,2026-11-08,КЗ,2.0
911,10197.0,Client_108,788240,RUR,2025-10-30,ДЗ,1.0
912,10120.0,Client_140,921234,USD,2025-11-10,ДЗ,7.0
913,10211.0,Client_10,412911,USD,2026-04-02,ДЗ,5.0
914,10023.0,Client_93,600409,RUR,2026-09-10,ДЗ,5.0
915,10163.0,Client_138,159480,RUR,2026-03-13,КЗ,7.0
916,10243.0,Client_22,44889,RUR,2025-06-20,ДЗ,7.0
917,10196.0,Client_28,973294,USD,2026-12-08,КЗ,4.0
918,10198.0,Client_64,26186,RUR,2026-03-31,КЗ,6.0
919,10078.0,Client_91,279103,RUR,2025-12-26,КЗ,1.0
920,,Client_43,532072,RUR,2026-04-03,ДЗ,
921,10254.0,Client_12,91188,RUR,2025-02-13,КЗ,4.0
922,10019.0,Client_145,394523,RUR,2025-12-28,ДЗ,1.0
923,10065.0,Client_103,570487,RUR,2026-09-22,ДЗ,4.0
924,10258.0,Client_85,985100,RUR,2026-03-22,ДЗ,6.0
925,10170.0,Client_111,590481,RUR,2025-10-09,ДЗ,4.0
926,0.0,Client_28,160861,RUR,2026-10-17,ДЗ,
927,10052.0,Client_3,835183,RUR,2025-02-28,КЗ,4.0
928,10226.0,Client_26,538281,RUR,2025-03-18,КЗ,1.0
929,10052.0,Client_67,491124,RUR,2026-11-19,ДЗ,4.0
930,10270.0,Client_57,590806,RUR,2026-10-15,КЗ,1.0
931,,Client_131,125174,RUR,2026-02-20,ДЗ,
932,10234.0,Client_133,889597,RUR,2026-01-08,КЗ,5.0
933,10008.0,Client_143,130451,RUR,2026-06-10,КЗ,2.0
934,10074.0,Client_149,715471,RUR,2026-11-27,КЗ,5.0
935,10210.0,Client_148,38735,RUR,2025-06-13,КЗ,6.0
936,10080.0,Client_57,973719,USD,2025-02-01,КЗ,2.0
937,0.0,Client_115,95171,RUR,2025-05-27,ДЗ,
938,10039.0,Client_96,996009,USD,2026-09-15,ДЗ,7.0
939,,Client_101,466018,RUR,2026-11-26,КЗ,
940,10241.0,Client_119,865050,RUR,2026-03-25,ДЗ,7.0
941,10136.0,Client_129,368477,RUR,2025-02-05,КЗ,2.0
942,10174.0,Client_39,890183,RUR,2025-05-10,ДЗ,4.0
943,10204.0,Client_89,597193,RUR,2025-03-10,КЗ,5.0
944,10042.0,Client_7,976558,RUR,2025-08-30,КЗ,6.0
945,10169.0,Client_124,421380,RUR,2026-10-23,КЗ,6.0
946,0.0,Client_27,909345,RUR,2026-01-11,ДЗ,
947,,Client_76,341307,RUR,2026-01-06,ДЗ,
948,10274.0,Client_107,264698,RUR,2026-01-28,КЗ,3.0
949,10195.0,Client_22,283122,RUR,2026-08-04,КЗ,2.0
950,10163.0,Client_30,182270,RUR,2025-02-03,ДЗ,7.0
951,10250.0,Client_37,193326,RUR,,ДЗ,3.0
952,10278.0,Client_90,144163,RUR,2026-09-12,ДЗ,2.0
953,10019.0,Client_80,592732,RUR,2025-06-07,ДЗ,1.0
954,10036.0,Client_88,891478,RUR,2026-11-27,ДЗ,7.0
955,10121.0,Client_117,560981,USD,2026-04-06,КЗ,7.0
956,10148.0,Client_53,560692,USD,2026-01-15,ДЗ,5.0
957,10117.0,Client_134,423702,RUR,2026-01-16,КЗ,2.0
958,0.0,Client_124,710680,RUR,2026-03-31,КЗ,
959,10047.0,Client_90,113713,RUR,2025-03-20,ДЗ,2.0
960,10223.0,Client_122,724798,RUR,2026-08-11,ДЗ,3.0
961,,Client_25,487605,RUR,2025-05-21,КЗ,
962,10051.0,Client_113,414399,RUR,2026-06-27,ДЗ,1.0
963,10052.0,Client_116,542742,USD,2026-01-11,КЗ,4.0
964,10228.0,Client_82,284434,RUR,2026-02-12,ДЗ,7.0
965,10086.0,Client_18,530530,RUR,2025-11-18,ДЗ,7.0
966,10154.0,Client_77,421714,RUR,2026-10-28,ДЗ,4.0
967,10015.0,Client_12,183143,RUR,2025-10-13,КЗ,5.0
968,10024.0,Client_30,828394,RUR,2025-09-13,ДЗ,1.0
969,10167.0,Client_6,708870,RUR,,КЗ,2.0
970,10029.0,Client_88,150675,RUR,2025-04-27,ДЗ,6.0
971,10151.0,Client_28,125538,RUR,2025-01-27,КЗ,5.0
972,10184.0,Client_43,572844,USD,2025-07-10,ДЗ,1.0
973,10192.0,Client_63,624555,RUR,2026-05-27,КЗ,1.0
974,10221.0,Client_133,868567,RUR,2026-06-15,КЗ,1.0
975,0.0,Client_45,794548,RUR,2026-02-01,КЗ,
976,10075.0,Client_142,264628,USD,2026-07-30,КЗ,2.0
977,10126.0,Client_41,193492,RUR,2025-05-01,КЗ,1.0
978,,Client_85,408388,RUR,2025-09-26,КЗ,
979,10272.0,Client_144,102339,USD,2025-09-24,ДЗ,2.0
980,10211.0,Client_110,635819,USD,2026-12-22,КЗ,5.0
981,10290.0,Client_119,866550,RUR,2026-04-02,КЗ,3.0
982,10093.0,Client_60,564898,USD,2025-08-08,КЗ,3.0
983,,Client_104,704393,RUR,2026-09-19,ДЗ,
984,,Client_48,808358,RUR,,ДЗ,
985,10088.0,Client_48,330270,RUR,2025-10-20,ДЗ,4.0
986,10090.0,Client_111,121768,RUR,2026-12-12,КЗ,4.0
987,10041.0,Client_102,767088,RUR,2026-05-18,ДЗ,2.0
988,10196.0,Client_8,418834,RUR,2025-07-24,ДЗ,4.0
989,10124.0,Client_51,548433,RUR,2025-05-06,КЗ,2.0
990,10255.0,Client_116,182048,RUR,2025-05-19,КЗ,2.0
991,10299.0,Client_110,485762,RUR,2025-03-17,ДЗ,2.0
992,10074.0,Client_100,614490,RUR,2026-04-08,КЗ,5.0
993,10119.0,Client_2,314163,RUR,2025-06-26,КЗ,3.0
994,10237.0,Client_55,623829,RUR,2026-04-01,КЗ,6.0
995,10131.0,Client_53,158275,RUR,2025-03-31,КЗ,1.0
996,,Client_72,249977,RUR,2026-11-30,ДЗ,
997,10236.0,Client_17,953792,USD,2025-11-24,КЗ,1.0
998,,Client_148,137017,RUR,2026-11-15,ДЗ,
999,10131.0,Client_27,217870,RUR,2025-12-22,ДЗ,1.0
1000,10005.0,Client_138,954278,RUR,2026-12-28,ДЗ,3.0
